invoice_id,customer_id,invoice_date,billing_address,billing_city,billing_state,billing_country,billing_postal_code,total
607,59,19-12-2020 00:00,"3,Raj Bhavan Road",Bangalore,None,India,560001,4.95
599,59,06-12-2020 00:00,"3,Raj Bhavan Road",Bangalore,None,India,560001,7.92
220,59,25-04-2018 00:00,"3,Raj Bhavan Road",Bangalore,None,India,560001,8.91
155,59,02-01-2018 00:00,"3,Raj Bhavan Road",Bangalore,None,India,560001,8.91
121,59,20-09-2017 00:00,"3,Raj Bhavan Road",Bangalore,None,India,560001,8.91
61,59,24-04-2017 00:00,"3,Raj Bhavan Road",Bangalore,None,India,560001,11.88
37,59,05-03-2017 00:00,"3,Raj Bhavan Road",Bangalore,None,India,560001,9.9
8,59,13-01-2017 00:00,"3,Raj Bhavan Road",Bangalore,None,India,560001,9.9
541,58,15-07-2020 00:00,"12,Community Centre",Delhi,None,India,110017,2.97
506,58,14-04-2020 00:00,"12,Community Centre",Delhi,None,India,110017,15.84
473,58,02-02-2020 00:00,"12,Community Centre",Delhi,None,India,110017,3.96
338,58,03-04-2019 00:00,"12,Community Centre",Delhi,None,India,110017,4.95
320,58,22-02-2019 00:00,"12,Community Centre",Delhi,None,India,110017,16.83
294,58,02-12-2018 00:00,"12,Community Centre",Delhi,None,India,110017,10.89
285,58,25-10-2018 00:00,"12,Community Centre",Delhi,None,India,110017,9.9
246,58,12-07-2018 00:00,"12,Community Centre",Delhi,None,India,110017,8.91
146,58,22-11-2017 00:00,"12,Community Centre",Delhi,None,India,110017,12.87
140,58,06-11-2017 00:00,"12,Community Centre",Delhi,None,India,110017,7.92
100,58,31-07-2017 00:00,"12,Community Centre",Delhi,None,India,110017,5.94
82,58,13-06-2017 00:00,"12,Community Centre",Delhi,None,India,110017,6.93
33,58,21-02-2017 00:00,"12,Community Centre",Delhi,None,India,110017,3.96
527,57,09-06-2020 00:00,"Calle Lira, 198",Santiago,None,Chile,None,10.89
407,57,19-08-2019 00:00,"Calle Lira, 198",Santiago,None,Chile,None,9.9
351,57,23-04-2019 00:00,"Calle Lira, 198",Santiago,None,Chile,None,9.9
335,57,23-03-2019 00:00,"Calle Lira, 198",Santiago,None,Chile,None,14.85
324,57,03-03-2019 00:00,"Calle Lira, 198",Santiago,None,Chile,None,4.95
254,57,30-07-2018 00:00,"Calle Lira, 198",Santiago,None,Chile,None,9.9
232,57,29-05-2018 00:00,"Calle Lira, 198",Santiago,None,Chile,None,3.96
228,57,16-05-2018 00:00,"Calle Lira, 198",Santiago,None,Chile,None,3.96
214,57,03-04-2018 00:00,"Calle Lira, 198",Santiago,None,Chile,None,4.95
158,57,07-01-2018 00:00,"Calle Lira, 198",Santiago,None,Chile,None,5.94
157,57,04-01-2018 00:00,"Calle Lira, 198",Santiago,None,Chile,None,0.99
68,57,01-05-2017 00:00,"Calle Lira, 198",Santiago,None,Chile,None,10.89
47,57,25-03-2017 00:00,"Calle Lira, 198",Santiago,None,Chile,None,5.94
535,56,05-07-2020 00:00,307 Macacha Gï¿½ï¿½,Buenos Aires,None,Argentina,1106,0.99
381,56,21-06-2019 00:00,307 Macacha Gï¿½ï¿½,Buenos Aires,None,Argentina,1106,12.87
380,56,14-06-2019 00:00,307 Macacha Gï¿½ï¿½,Buenos Aires,None,Argentina,1106,9.9
304,56,23-12-2018 00:00,307 Macacha Gï¿½ï¿½,Buenos Aires,None,Argentina,1106,6.93
218,56,19-04-2018 00:00,307 Macacha Gï¿½ï¿½,Buenos Aires,None,Argentina,1106,8.91
610,55,21-12-2020 00:00,421 Bourke Street,Sidney,NSW,Australia,2010,6.93
586,55,01-11-2020 00:00,421 Bourke Street,Sidney,NSW,Australia,2010,10.89
555,55,04-09-2020 00:00,421 Bourke Street,Sidney,NSW,Australia,2010,1.98
450,55,04-12-2019 00:00,421 Bourke Street,Sidney,NSW,Australia,2010,6.93
430,55,20-09-2019 00:00,421 Bourke Street,Sidney,NSW,Australia,2010,1.98
427,55,14-09-2019 00:00,421 Bourke Street,Sidney,NSW,Australia,2010,14.85
356,55,04-05-2019 00:00,421 Bourke Street,Sidney,NSW,Australia,2010,6.93
99,55,28-07-2017 00:00,421 Bourke Street,Sidney,NSW,Australia,2010,17.82
90,55,28-06-2017 00:00,421 Bourke Street,Sidney,NSW,Australia,2010,10.89
26,55,15-02-2017 00:00,421 Bourke Street,Sidney,NSW,Australia,2010,1.98
492,54,25-03-2020 00:00,110 Raeburn Pl,Edinburgh ,None,United Kingdom,EH4 1HH,4.95
437,54,02-10-2019 00:00,110 Raeburn Pl,Edinburgh ,None,United Kingdom,EH4 1HH,9.9
415,54,31-08-2019 00:00,110 Raeburn Pl,Edinburgh ,None,United Kingdom,EH4 1HH,8.91
414,54,30-08-2019 00:00,110 Raeburn Pl,Edinburgh ,None,United Kingdom,EH4 1HH,9.9
403,54,10-08-2019 00:00,110 Raeburn Pl,Edinburgh ,None,United Kingdom,EH4 1HH,8.91
402,54,09-08-2019 00:00,110 Raeburn Pl,Edinburgh ,None,United Kingdom,EH4 1HH,8.91
379,54,13-06-2019 00:00,110 Raeburn Pl,Edinburgh ,None,United Kingdom,EH4 1HH,11.88
230,54,21-05-2018 00:00,110 Raeburn Pl,Edinburgh ,None,United Kingdom,EH4 1HH,7.92
106,54,19-08-2017 00:00,110 Raeburn Pl,Edinburgh ,None,United Kingdom,EH4 1HH,7.92
614,53,30-12-2020 00:00,113 Lupus St,London,None,United Kingdom,SW1V 3EN,12.87
565,53,23-09-2020 00:00,113 Lupus St,London,None,United Kingdom,SW1V 3EN,9.9
502,53,10-04-2020 00:00,113 Lupus St,London,None,United Kingdom,SW1V 3EN,3.96
422,53,07-09-2019 00:00,113 Lupus St,London,None,United Kingdom,SW1V 3EN,6.93
334,53,21-03-2019 00:00,113 Lupus St,London,None,United Kingdom,SW1V 3EN,14.85
277,53,10-09-2018 00:00,113 Lupus St,London,None,United Kingdom,SW1V 3EN,4.95
244,53,23-06-2018 00:00,113 Lupus St,London,None,United Kingdom,SW1V 3EN,4.95
213,53,01-04-2018 00:00,113 Lupus St,London,None,United Kingdom,SW1V 3EN,10.89
171,53,30-01-2018 00:00,113 Lupus St,London,None,United Kingdom,SW1V 3EN,12.87
96,53,17-07-2017 00:00,113 Lupus St,London,None,United Kingdom,SW1V 3EN,5.94
23,53,09-02-2017 00:00,113 Lupus St,London,None,United Kingdom,SW1V 3EN,9.9
611,52,27-12-2020 00:00,202 Hoxton Street,London,None,United Kingdom,N1 5LH,1.98
570,52,07-10-2020 00:00,202 Hoxton Street,London,None,United Kingdom,N1 5LH,2.97
444,52,08-11-2019 00:00,202 Hoxton Street,London,None,United Kingdom,N1 5LH,8.91
326,52,04-03-2019 00:00,202 Hoxton Street,London,None,United Kingdom,N1 5LH,8.91
265,52,18-08-2018 00:00,202 Hoxton Street,London,None,United Kingdom,N1 5LH,6.93
237,52,13-06-2018 00:00,202 Hoxton Street,London,None,United Kingdom,N1 5LH,15.84
227,52,16-05-2018 00:00,202 Hoxton Street,London,None,United Kingdom,N1 5LH,9.9
64,52,25-04-2017 00:00,202 Hoxton Street,London,None,United Kingdom,N1 5LH,12.87
590,51,17-11-2020 00:00,Celsiusg. 9,Stockholm,None,Sweden,11230,8.91
571,51,09-10-2020 00:00,Celsiusg. 9,Stockholm,None,Sweden,11230,2.97
491,51,24-03-2020 00:00,Celsiusg. 9,Stockholm,None,Sweden,11230,1.98
399,51,03-08-2019 00:00,Celsiusg. 9,Stockholm,None,Sweden,11230,11.88
398,51,03-08-2019 00:00,Celsiusg. 9,Stockholm,None,Sweden,11230,16.83
211,51,26-03-2018 00:00,Celsiusg. 9,Stockholm,None,Sweden,11230,8.91
191,51,22-02-2018 00:00,Celsiusg. 9,Stockholm,None,Sweden,11230,3.96
190,51,21-02-2018 00:00,Celsiusg. 9,Stockholm,None,Sweden,11230,4.95
94,51,08-07-2017 00:00,Celsiusg. 9,Stockholm,None,Sweden,11230,7.92
36,51,27-02-2017 00:00,Celsiusg. 9,Stockholm,None,Sweden,11230,6.93
528,50,10-06-2020 00:00,C/ San Bernardo 85,Madrid,None,Spain,28015,15.84
523,50,29-05-2020 00:00,C/ San Bernardo 85,Madrid,None,Spain,28015,7.92
459,50,26-12-2019 00:00,C/ San Bernardo 85,Madrid,None,Spain,28015,1.98
418,50,01-09-2019 00:00,C/ San Bernardo 85,Madrid,None,Spain,28015,0.99
384,50,10-07-2019 00:00,C/ San Bernardo 85,Madrid,None,Spain,28015,10.89
369,50,31-05-2019 00:00,C/ San Bernardo 85,Madrid,None,Spain,28015,9.9
345,50,16-04-2019 00:00,C/ San Bernardo 85,Madrid,None,Spain,28015,9.9
319,50,20-02-2019 00:00,C/ San Bernardo 85,Madrid,None,Spain,28015,9.9
281,50,06-10-2018 00:00,C/ San Bernardo 85,Madrid,None,Spain,28015,13.86
115,50,08-09-2017 00:00,C/ San Bernardo 85,Madrid,None,Spain,28015,8.91
41,50,17-03-2017 00:00,C/ San Bernardo 85,Madrid,None,Spain,28015,7.92
608,49,20-12-2020 00:00,Ordynacka 10,Warsaw,None,Poland,00-358,0.99
574,49,17-10-2020 00:00,Ordynacka 10,Warsaw,None,Poland,00-358,10.89
446,49,19-11-2019 00:00,Ordynacka 10,Warsaw,None,Poland,00-358,8.91
327,49,05-03-2019 00:00,Ordynacka 10,Warsaw,None,Poland,00-358,8.91
284,49,16-10-2018 00:00,Ordynacka 10,Warsaw,None,Poland,00-358,10.89
261,49,06-08-2018 00:00,Ordynacka 10,Warsaw,None,Poland,00-358,8.91
216,49,14-04-2018 00:00,Ordynacka 10,Warsaw,None,Poland,00-358,4.95
164,49,20-01-2018 00:00,Ordynacka 10,Warsaw,None,Poland,00-358,3.96
38,49,05-03-2017 00:00,Ordynacka 10,Warsaw,None,Poland,00-358,6.93
7,49,12-01-2017 00:00,Ordynacka 10,Warsaw,None,Poland,00-358,10.89
509,48,27-04-2020 00:00,Lijnbaansgracht 120bg,Amsterdam,VV,Netherlands,1016,6.93
421,48,05-09-2019 00:00,Lijnbaansgracht 120bg,Amsterdam,VV,Netherlands,1016,7.92
409,48,24-08-2019 00:00,Lijnbaansgracht 120bg,Amsterdam,VV,Netherlands,1016,10.89
382,48,22-06-2019 00:00,Lijnbaansgracht 120bg,Amsterdam,VV,Netherlands,1016,3.96
378,48,13-06-2019 00:00,Lijnbaansgracht 120bg,Amsterdam,VV,Netherlands,1016,3.96
340,48,08-04-2019 00:00,Lijnbaansgracht 120bg,Amsterdam,VV,Netherlands,1016,2.97
283,48,13-10-2018 00:00,Lijnbaansgracht 120bg,Amsterdam,VV,Netherlands,1016,8.91
258,48,02-08-2018 00:00,Lijnbaansgracht 120bg,Amsterdam,VV,Netherlands,1016,0.99
174,48,31-01-2018 00:00,Lijnbaansgracht 120bg,Amsterdam,VV,Netherlands,1016,6.93
84,48,15-06-2017 00:00,Lijnbaansgracht 120bg,Amsterdam,VV,Netherlands,1016,11.88
569,47,06-10-2020 00:00,"Via Degli Scipioni, 43",Rome,RM,Italy,192,0.99
484,47,02-03-2020 00:00,"Via Degli Scipioni, 43",Rome,RM,Italy,192,2.97
452,47,18-12-2019 00:00,"Via Degli Scipioni, 43",Rome,RM,Italy,192,7.92
413,47,28-08-2019 00:00,"Via Degli Scipioni, 43",Rome,RM,Italy,192,14.85
271,47,30-08-2018 00:00,"Via Degli Scipioni, 43",Rome,RM,Italy,192,10.89
177,47,01-02-2018 00:00,"Via Degli Scipioni, 43",Rome,RM,Italy,192,1.98
168,47,27-01-2018 00:00,"Via Degli Scipioni, 43",Rome,RM,Italy,192,5.94
72,47,18-05-2017 00:00,"Via Degli Scipioni, 43",Rome,RM,Italy,192,2.97
65,47,26-04-2017 00:00,"Via Degli Scipioni, 43",Rome,RM,Italy,192,1.98
604,46,12-12-2020 00:00,3 Chatham Street,Dublin,Dublin,Ireland,None,17.82
539,46,12-07-2020 00:00,3 Chatham Street,Dublin,Dublin,Ireland,None,0.99
479,46,21-02-2020 00:00,3 Chatham Street,Dublin,Dublin,Ireland,None,16.83
454,46,21-12-2019 00:00,3 Chatham Street,Dublin,Dublin,Ireland,None,14.85
451,46,13-12-2019 00:00,3 Chatham Street,Dublin,Dublin,Ireland,None,0.99
401,46,06-08-2019 00:00,3 Chatham Street,Dublin,Dublin,Ireland,None,9.9
255,46,31-07-2018 00:00,3 Chatham Street,Dublin,Dublin,Ireland,None,3.96
238,46,14-06-2018 00:00,3 Chatham Street,Dublin,Dublin,Ireland,None,9.9
197,46,05-03-2018 00:00,3 Chatham Street,Dublin,Dublin,Ireland,None,10.89
180,46,05-02-2018 00:00,3 Chatham Street,Dublin,Dublin,Ireland,None,9.9
176,46,31-01-2018 00:00,3 Chatham Street,Dublin,Dublin,Ireland,None,6.93
86,46,18-06-2017 00:00,3 Chatham Street,Dublin,Dublin,Ireland,None,0.99
30,46,18-02-2017 00:00,3 Chatham Street,Dublin,Dublin,Ireland,None,10.89
576,45,19-10-2020 00:00,Erzsï¿½ï¿½ï¿½ï¿½ï¿,Budapest,None,Hungary,H-1073,5.94
440,45,08-10-2019 00:00,Erzsï¿½ï¿½ï¿½ï¿½ï¿,Budapest,None,Hungary,H-1073,2.97
360,45,15-05-2019 00:00,Erzsï¿½ï¿½ï¿½ï¿½ï¿,Budapest,None,Hungary,H-1073,3.96
241,45,18-06-2018 00:00,Erzsï¿½ï¿½ï¿½ï¿½ï¿,Budapest,None,Hungary,H-1073,1.98
212,45,31-03-2018 00:00,Erzsï¿½ï¿½ï¿½ï¿½ï¿,Budapest,None,Hungary,H-1073,11.88
181,45,06-02-2018 00:00,Erzsï¿½ï¿½ï¿½ï¿½ï¿,Budapest,None,Hungary,H-1073,6.93
170,45,28-01-2018 00:00,Erzsï¿½ï¿½ï¿½ï¿½ï¿,Budapest,None,Hungary,H-1073,9.9
141,45,07-11-2017 00:00,Erzsï¿½ï¿½ï¿½ï¿½ï¿,Budapest,None,Hungary,H-1073,17.82
95,45,10-07-2017 00:00,Erzsï¿½ï¿½ï¿½ï¿½ï¿,Budapest,None,Hungary,H-1073,10.89
29,45,17-02-2017 00:00,Erzsï¿½ï¿½ï¿½ï¿½ï¿,Budapest,None,Hungary,H-1073,5.94
601,44,08-12-2020 00:00,Porthaninkatu 9,Helsinki,None,Finland,530,10.89
531,44,22-06-2020 00:00,Porthaninkatu 9,Helsinki,None,Finland,530,11.88
480,44,22-02-2020 00:00,Porthaninkatu 9,Helsinki,None,Finland,530,9.9
441,44,26-10-2019 00:00,Porthaninkatu 9,Helsinki,None,Finland,530,6.93
350,44,21-04-2019 00:00,Porthaninkatu 9,Helsinki,None,Finland,530,2.97
347,44,17-04-2019 00:00,Porthaninkatu 9,Helsinki,None,Finland,530,3.96
266,44,22-08-2018 00:00,Porthaninkatu 9,Helsinki,None,Finland,530,5.94
252,44,25-07-2018 00:00,Porthaninkatu 9,Helsinki,None,Finland,530,7.92
117,44,10-09-2017 00:00,Porthaninkatu 9,Helsinki,None,Finland,530,10.89
48,44,28-03-2017 00:00,Porthaninkatu 9,Helsinki,None,Finland,530,3.96
15,44,25-01-2017 00:00,Porthaninkatu 9,Helsinki,None,Finland,530,3.96
512,43,02-05-2020 00:00,"68, Rue Jouvence",Dijon,None,France,21000,8.91
489,43,14-03-2020 00:00,"68, Rue Jouvence",Dijon,None,France,21000,2.97
481,43,25-02-2020 00:00,"68, Rue Jouvence",Dijon,None,France,21000,3.96
428,43,17-09-2019 00:00,"68, Rue Jouvence",Dijon,None,France,21000,3.96
374,43,03-06-2019 00:00,"68, Rue Jouvence",Dijon,None,France,21000,5.94
359,43,12-05-2019 00:00,"68, Rue Jouvence",Dijon,None,France,21000,8.91
355,43,04-05-2019 00:00,"68, Rue Jouvence",Dijon,None,France,21000,6.93
318,43,19-02-2019 00:00,"68, Rue Jouvence",Dijon,None,France,21000,7.92
314,43,29-01-2019 00:00,"68, Rue Jouvence",Dijon,None,France,21000,9.9
269,43,26-08-2018 00:00,"68, Rue Jouvence",Dijon,None,France,21000,0.99
53,43,12-04-2017 00:00,"68, Rue Jouvence",Dijon,None,France,21000,2.97
20,43,06-02-2017 00:00,"68, Rue Jouvence",Dijon,None,France,21000,9.9
596,42,27-11-2020 00:00,"9, Place Louis Barthou",Bordeaux,None,France,33000,5.94
550,42,12-08-2020 00:00,"9, Place Louis Barthou",Bordeaux,None,France,33000,9.9
458,42,26-12-2019 00:00,"9, Place Louis Barthou",Bordeaux,None,France,33000,0.99
396,42,29-07-2019 00:00,"9, Place Louis Barthou",Bordeaux,None,France,33000,8.91
385,42,11-07-2019 00:00,"9, Place Louis Barthou",Bordeaux,None,France,33000,6.93
312,42,21-01-2019 00:00,"9, Place Louis Barthou",Bordeaux,None,France,33000,9.9
226,42,12-05-2018 00:00,"9, Place Louis Barthou",Bordeaux,None,France,33000,10.89
183,42,09-02-2018 00:00,"9, Place Louis Barthou",Bordeaux,None,France,33000,23.76
148,42,30-11-2017 00:00,"9, Place Louis Barthou",Bordeaux,None,France,33000,8.91
93,42,05-07-2017 00:00,"9, Place Louis Barthou",Bordeaux,None,France,33000,9.9
12,42,21-01-2017 00:00,"9, Place Louis Barthou",Bordeaux,None,France,33000,3.96
589,41,12-11-2020 00:00,"11, Place Bellecour",Lyon,None,France,69002,10.89
547,41,01-08-2020 00:00,"11, Place Bellecour",Lyon,None,France,69002,9.9
524,41,01-06-2020 00:00,"11, Place Bellecour",Lyon,None,France,69002,4.95
513,41,03-05-2020 00:00,"11, Place Bellecour",Lyon,None,France,69002,10.89
493,41,26-03-2020 00:00,"11, Place Bellecour",Lyon,None,France,69002,3.96
279,41,01-10-2018 00:00,"11, Place Bellecour",Lyon,None,France,69002,4.95
193,41,26-02-2018 00:00,"11, Place Bellecour",Lyon,None,France,69002,1.98
165,41,21-01-2018 00:00,"11, Place Bellecour",Lyon,None,France,69002,7.92
160,41,09-01-2018 00:00,"11, Place Bellecour",Lyon,None,France,69002,8.91
585,40,31-10-2020 00:00,"8, Rue Hanovre",Paris,None,France,75002,8.91
445,40,11-11-2019 00:00,"8, Rue Hanovre",Paris,None,France,75002,3.96
367,40,29-05-2019 00:00,"8, Rue Hanovre",Paris,None,France,75002,7.92
346,40,17-04-2019 00:00,"8, Rue Hanovre",Paris,None,France,75002,5.94
317,40,14-02-2019 00:00,"8, Rue Hanovre",Paris,None,France,75002,11.88
305,40,26-12-2018 00:00,"8, Rue Hanovre",Paris,None,France,75002,14.85
302,40,18-12-2018 00:00,"8, Rue Hanovre",Paris,None,France,75002,3.96
76,40,26-05-2017 00:00,"8, Rue Hanovre",Paris,None,France,75002,12.87
3,40,05-01-2017 00:00,"8, Rue Hanovre",Paris,None,France,75002,1.98
503,39,11-04-2020 00:00,"4, Rue Milton",Paris,None,France,75009,9.9
373,39,01-06-2019 00:00,"4, Rue Milton",Paris,None,France,75009,3.96
201,39,11-03-2018 00:00,"4, Rue Milton",Paris,None,France,75009,11.88
175,39,31-01-2018 00:00,"4, Rue Milton",Paris,None,France,75009,17.82
154,39,17-12-2017 00:00,"4, Rue Milton",Paris,None,France,75009,2.97
103,39,03-08-2017 00:00,"4, Rue Milton",Paris,None,France,75009,5.94
67,39,01-05-2017 00:00,"4, Rue Milton",Paris,None,France,75009,10.89
39,39,12-03-2017 00:00,"4, Rue Milton",Paris,None,France,75009,7.92
25,39,11-02-2017 00:00,"4, Rue Milton",Paris,None,France,75009,7.92
508,38,22-04-2020 00:00,Barbarossastraï¿½ï¿½,Berlin,None,Germany,10779,8.91
435,38,28-09-2019 00:00,Barbarossastraï¿½ï¿½,Berlin,None,Germany,10779,5.94
363,38,24-05-2019 00:00,Barbarossastraï¿½ï¿½,Berlin,None,Germany,10779,2.97
264,38,15-08-2018 00:00,Barbarossastraï¿½ï¿½,Berlin,None,Germany,10779,0.99
259,38,03-08-2018 00:00,Barbarossastraï¿½ï¿½,Berlin,None,Germany,10779,6.93
239,38,16-06-2018 00:00,Barbarossastraï¿½ï¿½,Berlin,None,Germany,10779,15.84
203,38,16-03-2018 00:00,Barbarossastraï¿½ï¿½,Berlin,None,Germany,10779,9.9
59,38,24-04-2017 00:00,Barbarossastraï¿½ï¿½,Berlin,None,Germany,10779,10.89
11,38,20-01-2017 00:00,Barbarossastraï¿½ï¿½,Berlin,None,Germany,10779,10.89
566,37,27-09-2020 00:00,Berger Straï¿½ï¿½,Frankfurt,None,Germany,60316,4.95
540,37,12-07-2020 00:00,Berger Straï¿½ï¿½,Frankfurt,None,Germany,60316,10.89
485,37,05-03-2020 00:00,Berger Straï¿½ï¿½,Frankfurt,None,Germany,60316,9.9
457,37,25-12-2019 00:00,Berger Straï¿½ï¿½,Frankfurt,None,Germany,60316,14.85
426,37,14-09-2019 00:00,Berger Straï¿½ï¿½,Frankfurt,None,Germany,60316,4.95
349,37,21-04-2019 00:00,Berger Straï¿½ï¿½,Frankfurt,None,Germany,60316,0.99
308,37,06-01-2019 00:00,Berger Straï¿½ï¿½,Frankfurt,None,Germany,60316,10.89
273,37,02-09-2018 00:00,Berger Straï¿½ï¿½,Frankfurt,None,Germany,60316,16.83
196,37,02-03-2018 00:00,Berger Straï¿½ï¿½,Frankfurt,None,Germany,60316,9.9
40,37,13-03-2017 00:00,Berger Straï¿½ï¿½,Frankfurt,None,Germany,60316,9.9
500,36,07-04-2020 00:00,Tauentzienstraï¿½ï¿,Berlin,None,Germany,10789,8.91
400,36,06-08-2019 00:00,Tauentzienstraï¿½ï¿,Berlin,None,Germany,10789,3.96
397,36,31-07-2019 00:00,Tauentzienstraï¿½ï¿,Berlin,None,Germany,10789,6.93
339,36,07-04-2019 00:00,Tauentzienstraï¿½ï¿,Berlin,None,Germany,10789,7.92
309,36,14-01-2019 00:00,Tauentzienstraï¿½ï¿,Berlin,None,Germany,10789,8.91
263,36,13-08-2018 00:00,Tauentzienstraï¿½ï¿,Berlin,None,Germany,10789,4.95
242,36,18-06-2018 00:00,Tauentzienstraï¿½ï¿,Berlin,None,Germany,10789,9.9
234,36,01-06-2018 00:00,Tauentzienstraï¿½ï¿,Berlin,None,Germany,10789,0.99
91,36,01-07-2017 00:00,Tauentzienstraï¿½ï¿,Berlin,None,Germany,10789,10.89
79,36,08-06-2017 00:00,Tauentzienstraï¿½ï¿,Berlin,None,Germany,10789,13.86
45,36,24-03-2017 00:00,Tauentzienstraï¿½ï¿,Berlin,None,Germany,10789,7.92
605,35,17-12-2020 00:00,Rua dos Campeï¿½ï¿½ï¿½ï¿½ï¿½ï¿½ï¿½ï¿½ï¿½ï,Porto,None,Portugal,None,3.96
568,35,01-10-2020 00:00,Rua dos Campeï¿½ï¿½ï¿½ï¿½ï¿½ï¿½ï¿½ï¿½ï¿½ï,Porto,None,Portugal,None,6.93
471,35,30-01-2020 00:00,Rua dos Campeï¿½ï¿½ï¿½ï¿½ï¿½ï¿½ï¿½ï¿½ï¿½ï,Porto,None,Portugal,None,0.99
424,35,09-09-2019 00:00,Rua dos Campeï¿½ï¿½ï¿½ï¿½ï¿½ï¿½ï¿½ï¿½ï¿½ï,Porto,None,Portugal,None,1.98
375,35,05-06-2019 00:00,Rua dos Campeï¿½ï¿½ï¿½ï¿½ï¿½ï¿½ï¿½ï¿½ï¿½ï,Porto,None,Portugal,None,8.91
368,35,30-05-2019 00:00,Rua dos Campeï¿½ï¿½ï¿½ï¿½ï¿½ï¿½ï¿½ï¿½ï¿½ï,Porto,None,Portugal,None,1.98
348,35,18-04-2019 00:00,Rua dos Campeï¿½ï¿½ï¿½ï¿½ï¿½ï¿½ï¿½ï¿½ï¿½ï,Porto,None,Portugal,None,8.91
291,35,19-11-2018 00:00,Rua dos Campeï¿½ï¿½ï¿½ï¿½ï¿½ï¿½ï¿½ï¿½ï¿½ï,Porto,None,Portugal,None,2.97
236,35,08-06-2018 00:00,Rua dos Campeï¿½ï¿½ï¿½ï¿½ï¿½ï¿½ï¿½ï¿½ï¿½ï,Porto,None,Portugal,None,2.97
221,35,25-04-2018 00:00,Rua dos Campeï¿½ï¿½ï¿½ï¿½ï¿½ï¿½ï¿½ï¿½ï¿½ï,Porto,None,Portugal,None,7.92
151,35,06-12-2017 00:00,Rua dos Campeï¿½ï¿½ï¿½ï¿½ï¿½ï¿½ï¿½ï¿½ï¿½ï,Porto,None,Portugal,None,2.97
133,35,22-10-2017 00:00,Rua dos Campeï¿½ï¿½ï¿½ï¿½ï¿½ï¿½ï¿½ï¿½ï¿½ï,Porto,None,Portugal,None,9.9
127,35,08-10-2017 00:00,Rua dos Campeï¿½ï¿½ï¿½ï¿½ï¿½ï¿½ï¿½ï¿½ï¿½ï,Porto,None,Portugal,None,10.89
27,35,15-02-2017 00:00,Rua dos Campeï¿½ï¿½ï¿½ï¿½ï¿½ï¿½ï¿½ï¿½ï¿½ï,Porto,None,Portugal,None,7.92
22,35,08-02-2017 00:00,Rua dos Campeï¿½ï¿½ï¿½ï¿½ï¿½ï¿½ï¿½ï¿½ï¿½ï,Porto,None,Portugal,None,1.98
13,35,22-01-2017 00:00,Rua dos Campeï¿½ï¿½ï¿½ï¿½ï¿½ï¿½ï¿½ï¿½ï¿½ï,Porto,None,Portugal,None,0.99
572,34,13-10-2020 00:00,Rua da Assunï¿½ï¿½ï¿,Lisbon,None,Portugal,None,4.95
542,34,18-07-2020 00:00,Rua da Assunï¿½ï¿½ï¿,Lisbon,None,Portugal,None,10.89
497,34,01-04-2020 00:00,Rua da Assunï¿½ï¿½ï¿,Lisbon,None,Portugal,None,6.93
463,34,30-12-2019 00:00,Rua da Assunï¿½ï¿½ï¿,Lisbon,None,Portugal,None,11.88
449,34,27-11-2019 00:00,Rua da Assunï¿½ï¿½ï¿,Lisbon,None,Portugal,None,16.83
408,34,20-08-2019 00:00,Rua da Assunï¿½ï¿½ï¿,Lisbon,None,Portugal,None,5.94
390,34,19-07-2019 00:00,Rua da Assunï¿½ï¿½ï¿,Lisbon,None,Portugal,None,2.97
301,34,15-12-2018 00:00,Rua da Assunï¿½ï¿½ï¿,Lisbon,None,Portugal,None,7.92
224,34,06-05-2018 00:00,Rua da Assunï¿½ï¿½ï¿,Lisbon,None,Portugal,None,9.9
194,34,27-02-2018 00:00,Rua da Assunï¿½ï¿½ï¿,Lisbon,None,Portugal,None,0.99
137,34,29-10-2017 00:00,Rua da Assunï¿½ï¿½ï¿,Lisbon,None,Portugal,None,1.98
56,34,22-04-2017 00:00,Rua da Assunï¿½ï¿½ï¿,Lisbon,None,Portugal,None,16.83
35,34,25-02-2017 00:00,Rua da Assunï¿½ï¿½ï¿,Lisbon,None,Portugal,None,4.95
612,33,27-12-2020 00:00,5112 48 Street,Yellowknife,NT,Canada,X1A 1N6,11.88
545,33,26-07-2020 00:00,5112 48 Street,Yellowknife,NT,Canada,X1A 1N6,7.92
433,33,24-09-2019 00:00,5112 48 Street,Yellowknife,NT,Canada,X1A 1N6,2.97
325,33,04-03-2019 00:00,5112 48 Street,Yellowknife,NT,Canada,X1A 1N6,9.9
295,33,03-12-2018 00:00,5112 48 Street,Yellowknife,NT,Canada,X1A 1N6,0.99
172,33,31-01-2018 00:00,5112 48 Street,Yellowknife,NT,Canada,X1A 1N6,7.92
144,33,18-11-2017 00:00,5112 48 Street,Yellowknife,NT,Canada,X1A 1N6,2.97
138,33,30-10-2017 00:00,5112 48 Street,Yellowknife,NT,Canada,X1A 1N6,10.89
136,33,29-10-2017 00:00,5112 48 Street,Yellowknife,NT,Canada,X1A 1N6,3.96
85,33,17-06-2017 00:00,5112 48 Street,Yellowknife,NT,Canada,X1A 1N6,4.95
55,33,16-04-2017 00:00,5112 48 Street,Yellowknife,NT,Canada,X1A 1N6,9.9
34,33,23-02-2017 00:00,5112 48 Street,Yellowknife,NT,Canada,X1A 1N6,0.99
581,32,26-10-2020 00:00,696 Osborne Street,Winnipeg,MB,Canada,R3L 2B9,13.86
559,32,11-09-2020 00:00,696 Osborne Street,Winnipeg,MB,Canada,R3L 2B9,5.94
546,32,30-07-2020 00:00,696 Osborne Street,Winnipeg,MB,Canada,R3L 2B9,6.93
519,32,22-05-2020 00:00,696 Osborne Street,Winnipeg,MB,Canada,R3L 2B9,6.93
432,32,23-09-2019 00:00,696 Osborne Street,Winnipeg,MB,Canada,R3L 2B9,1.98
126,32,07-10-2017 00:00,696 Osborne Street,Winnipeg,MB,Canada,R3L 2B9,3.96
107,32,21-08-2017 00:00,696 Osborne Street,Winnipeg,MB,Canada,R3L 2B9,10.89
92,32,02-07-2017 00:00,696 Osborne Street,Winnipeg,MB,Canada,R3L 2B9,19.8
594,31,24-11-2020 00:00,194A Chain Lake Drive,Halifax,NS,Canada,B3S 1C5,2.97
538,31,10-07-2020 00:00,194A Chain Lake Drive,Halifax,NS,Canada,B3S 1C5,8.91
453,31,19-12-2019 00:00,194A Chain Lake Drive,Halifax,NS,Canada,B3S 1C5,4.95
404,31,13-08-2019 00:00,194A Chain Lake Drive,Halifax,NS,Canada,B3S 1C5,13.86
394,31,27-07-2019 00:00,194A Chain Lake Drive,Halifax,NS,Canada,B3S 1C5,7.92
105,31,12-08-2017 00:00,194A Chain Lake Drive,Halifax,NS,Canada,B3S 1C5,7.92
88,31,21-06-2017 00:00,194A Chain Lake Drive,Halifax,NS,Canada,B3S 1C5,4.95
70,31,13-05-2017 00:00,194A Chain Lake Drive,Halifax,NS,Canada,B3S 1C5,0.99
63,31,25-04-2017 00:00,194A Chain Lake Drive,Halifax,NS,Canada,B3S 1C5,5.94
10,31,18-01-2017 00:00,194A Chain Lake Drive,Halifax,NS,Canada,B3S 1C5,1.98
6,31,10-01-2017 00:00,194A Chain Lake Drive,Halifax,NS,Canada,B3S 1C5,1.98
584,30,31-10-2020 00:00,230 Elgin Street,Ottawa,ON,Canada,K2P 1L7,0.99
554,30,27-08-2020 00:00,230 Elgin Street,Ottawa,ON,Canada,K2P 1L7,8.91
552,30,19-08-2020 00:00,230 Elgin Street,Ottawa,ON,Canada,K2P 1L7,5.94
548,30,02-08-2020 00:00,230 Elgin Street,Ottawa,ON,Canada,K2P 1L7,10.89
525,30,02-06-2020 00:00,230 Elgin Street,Ottawa,ON,Canada,K2P 1L7,9.9
466,30,19-01-2020 00:00,230 Elgin Street,Ottawa,ON,Canada,K2P 1L7,3.96
391,30,20-07-2019 00:00,230 Elgin Street,Ottawa,ON,Canada,K2P 1L7,3.96
313,30,24-01-2019 00:00,230 Elgin Street,Ottawa,ON,Canada,K2P 1L7,4.95
299,30,14-12-2018 00:00,230 Elgin Street,Ottawa,ON,Canada,K2P 1L7,5.94
108,30,27-08-2017 00:00,230 Elgin Street,Ottawa,ON,Canada,K2P 1L7,4.95
87,30,20-06-2017 00:00,230 Elgin Street,Ottawa,ON,Canada,K2P 1L7,7.92
32,30,21-02-2017 00:00,230 Elgin Street,Ottawa,ON,Canada,K2P 1L7,12.87
2,30,03-01-2017 00:00,230 Elgin Street,Ottawa,ON,Canada,K2P 1L7,9.9
600,29,08-12-2020 00:00,796 Dundas Street West,Toronto,ON,Canada,M6J 1V1,4.95
362,29,24-05-2019 00:00,796 Dundas Street West,Toronto,ON,Canada,M6J 1V1,19.8
332,29,15-03-2019 00:00,796 Dundas Street West,Toronto,ON,Canada,M6J 1V1,9.9
120,29,19-09-2017 00:00,796 Dundas Street West,Toronto,ON,Canada,M6J 1V1,5.94
577,28,20-10-2020 00:00,302 S 700 E,Salt Lake City,UT,USA,84102,8.91
478,28,21-02-2020 00:00,302 S 700 E,Salt Lake City,UT,USA,84102,16.83
455,28,24-12-2019 00:00,302 S 700 E,Salt Lake City,UT,USA,84102,4.95
377,28,09-06-2019 00:00,302 S 700 E,Salt Lake City,UT,USA,84102,2.97
365,28,27-05-2019 00:00,302 S 700 E,Salt Lake City,UT,USA,84102,3.96
353,28,28-04-2019 00:00,302 S 700 E,Salt Lake City,UT,USA,84102,9.9
303,28,21-12-2018 00:00,302 S 700 E,Salt Lake City,UT,USA,84102,9.9
192,28,25-02-2018 00:00,302 S 700 E,Salt Lake City,UT,USA,84102,8.91
145,28,22-11-2017 00:00,302 S 700 E,Salt Lake City,UT,USA,84102,4.95
118,28,10-09-2017 00:00,302 S 700 E,Salt Lake City,UT,USA,84102,0.99
573,27,16-10-2020 00:00,1033 N Park Ave,Tucson,AZ,USA,85719,10.89
562,27,17-09-2020 00:00,1033 N Park Ave,Tucson,AZ,USA,85719,8.91
487,27,11-03-2020 00:00,1033 N Park Ave,Tucson,AZ,USA,85719,9.9
286,27,25-10-2018 00:00,1033 N Park Ave,Tucson,AZ,USA,85719,1.98
247,27,12-07-2018 00:00,1033 N Park Ave,Tucson,AZ,USA,85719,10.89
217,27,17-04-2018 00:00,1033 N Park Ave,Tucson,AZ,USA,85719,9.9
209,27,25-03-2018 00:00,1033 N Park Ave,Tucson,AZ,USA,85719,3.96
195,27,02-03-2018 00:00,1033 N Park Ave,Tucson,AZ,USA,85719,10.89
5,27,07-01-2017 00:00,1033 N Park Ave,Tucson,AZ,USA,85719,16.83
603,26,10-12-2020 00:00,2211 W Berry Street,Fort Worth,TX,USA,76110,4.95
598,26,04-12-2020 00:00,2211 W Berry Street,Fort Worth,TX,USA,76110,4.95
494,26,31-03-2020 00:00,2211 W Berry Street,Fort Worth,TX,USA,76110,9.9
434,26,27-09-2019 00:00,2211 W Berry Street,Fort Worth,TX,USA,76110,9.9
386,26,12-07-2019 00:00,2211 W Berry Street,Fort Worth,TX,USA,76110,4.95
366,26,27-05-2019 00:00,2211 W Berry Street,Fort Worth,TX,USA,76110,8.91
364,26,26-05-2019 00:00,2211 W Berry Street,Fort Worth,TX,USA,76110,5.94
307,26,05-01-2019 00:00,2211 W Berry Street,Fort Worth,TX,USA,76110,9.9
274,26,04-09-2018 00:00,2211 W Berry Street,Fort Worth,TX,USA,76110,4.95
215,26,04-04-2018 00:00,2211 W Berry Street,Fort Worth,TX,USA,76110,1.98
74,26,18-05-2017 00:00,2211 W Berry Street,Fort Worth,TX,USA,76110,1.98
54,26,13-04-2017 00:00,2211 W Berry Street,Fort Worth,TX,USA,76110,17.82
578,25,21-10-2020 00:00,319 N. Frances Street,Madison,WI,USA,53703,11.88
514,25,14-05-2020 00:00,319 N. Frances Street,Madison,WI,USA,53703,2.97
510,25,28-04-2020 00:00,319 N. Frances Street,Madison,WI,USA,53703,9.9
468,25,22-01-2020 00:00,319 N. Frances Street,Madison,WI,USA,53703,15.84
331,25,15-03-2019 00:00,319 N. Frances Street,Madison,WI,USA,53703,5.94
300,25,15-12-2018 00:00,319 N. Frances Street,Madison,WI,USA,53703,11.88
202,25,13-03-2018 00:00,319 N. Frances Street,Madison,WI,USA,53703,1.98
179,25,03-02-2018 00:00,319 N. Frances Street,Madison,WI,USA,53703,9.9
143,25,10-11-2017 00:00,319 N. Frances Street,Madison,WI,USA,53703,4.95
14,25,23-01-2017 00:00,319 N. Frances Street,Madison,WI,USA,53703,0.99
580,24,25-10-2020 00:00,162 E Superior Street,Chicago,IL,USA,60611,9.9
529,24,12-06-2020 00:00,162 E Superior Street,Chicago,IL,USA,60611,13.86
511,24,01-05-2020 00:00,162 E Superior Street,Chicago,IL,USA,60611,6.93
417,24,01-09-2019 00:00,162 E Superior Street,Chicago,IL,USA,60611,9.9
395,24,28-07-2019 00:00,162 E Superior Street,Chicago,IL,USA,60611,9.9
200,24,08-03-2018 00:00,162 E Superior Street,Chicago,IL,USA,60611,7.92
161,24,13-01-2018 00:00,162 E Superior Street,Chicago,IL,USA,60611,7.92
18,24,02-02-2017 00:00,162 E Superior Street,Chicago,IL,USA,60611,4.95
595,23,27-11-2020 00:00,69 Salem Street,Boston,MA,USA,2113,7.92
561,23,12-09-2020 00:00,69 Salem Street,Boston,MA,USA,2113,6.93
516,23,16-05-2020 00:00,69 Salem Street,Boston,MA,USA,2113,1.98
515,23,15-05-2020 00:00,69 Salem Street,Boston,MA,USA,2113,2.97
438,23,04-10-2019 00:00,69 Salem Street,Boston,MA,USA,2113,10.89
383,23,03-07-2019 00:00,69 Salem Street,Boston,MA,USA,2113,9.9
323,23,03-03-2019 00:00,69 Salem Street,Boston,MA,USA,2113,7.92
287,23,04-11-2018 00:00,69 Salem Street,Boston,MA,USA,2113,1.98
250,23,20-07-2018 00:00,69 Salem Street,Boston,MA,USA,2113,10.89
139,23,03-11-2017 00:00,69 Salem Street,Boston,MA,USA,2113,4.95
583,22,30-10-2020 00:00,120 S Orange Ave,Orlando,FL,USA,32801,10.89
522,22,27-05-2020 00:00,120 S Orange Ave,Orlando,FL,USA,32801,7.92
518,22,22-05-2020 00:00,120 S Orange Ave,Orlando,FL,USA,32801,1.98
330,22,13-03-2019 00:00,120 S Orange Ave,Orlando,FL,USA,32801,12.87
310,22,16-01-2019 00:00,120 S Orange Ave,Orlando,FL,USA,32801,8.91
297,22,11-12-2018 00:00,120 S Orange Ave,Orlando,FL,USA,32801,2.97
278,22,23-09-2018 00:00,120 S Orange Ave,Orlando,FL,USA,32801,2.97
276,22,07-09-2018 00:00,120 S Orange Ave,Orlando,FL,USA,32801,18.81
150,22,01-12-2017 00:00,120 S Orange Ave,Orlando,FL,USA,32801,2.97
109,22,29-08-2017 00:00,120 S Orange Ave,Orlando,FL,USA,32801,10.89
83,22,15-06-2017 00:00,120 S Orange Ave,Orlando,FL,USA,32801,3.96
43,22,19-03-2017 00:00,120 S Orange Ave,Orlando,FL,USA,32801,6.93
602,21,09-12-2020 00:00,801 W 4th Street,Reno,NV,USA,89503,6.93
556,21,04-09-2020 00:00,801 W 4th Street,Reno,NV,USA,89503,10.89
496,21,01-04-2020 00:00,801 W 4th Street,Reno,NV,USA,89503,7.92
465,21,12-01-2020 00:00,801 W 4th Street,Reno,NV,USA,89503,6.93
423,21,07-09-2019 00:00,801 W 4th Street,Reno,NV,USA,89503,10.89
322,21,24-02-2019 00:00,801 W 4th Street,Reno,NV,USA,89503,9.9
185,21,10-02-2018 00:00,801 W 4th Street,Reno,NV,USA,89503,8.91
169,21,28-01-2018 00:00,801 W 4th Street,Reno,NV,USA,89503,8.91
167,21,25-01-2018 00:00,801 W 4th Street,Reno,NV,USA,89503,5.94
89,21,23-06-2017 00:00,801 W 4th Street,Reno,NV,USA,89503,1.98
44,21,20-03-2017 00:00,801 W 4th Street,Reno,NV,USA,89503,11.88
613,20,29-12-2020 00:00,541 Del Medio Avenue,Mountain View,CA,USA,94040-111,8.91
460,20,28-12-2019 00:00,541 Del Medio Avenue,Mountain View,CA,USA,94040-111,10.89
443,20,07-11-2019 00:00,541 Del Medio Avenue,Mountain View,CA,USA,94040-111,7.92
420,20,05-09-2019 00:00,541 Del Medio Avenue,Mountain View,CA,USA,94040-111,9.9
282,20,11-10-2018 00:00,541 Del Medio Avenue,Mountain View,CA,USA,94040-111,16.83
245,20,30-06-2018 00:00,541 Del Medio Avenue,Mountain View,CA,USA,94040-111,2.97
219,20,21-04-2018 00:00,541 Del Medio Avenue,Mountain View,CA,USA,94040-111,2.97
204,20,17-03-2018 00:00,541 Del Medio Avenue,Mountain View,CA,USA,94040-111,10.89
199,20,08-03-2018 00:00,541 Del Medio Avenue,Mountain View,CA,USA,94040-111,2.97
159,20,08-01-2018 00:00,541 Del Medio Avenue,Mountain View,CA,USA,94040-111,5.94
101,20,31-07-2017 00:00,541 Del Medio Avenue,Mountain View,CA,USA,94040-111,3.96
17,20,28-01-2017 00:00,541 Del Medio Avenue,Mountain View,CA,USA,94040-111,10.89
505,19,14-04-2020 00:00,1 Infinite Loop,Cupertino,CA,USA,95014,0.99
490,19,14-03-2020 00:00,1 Infinite Loop,Cupertino,CA,USA,95014,8.91
358,19,12-05-2019 00:00,1 Infinite Loop,Cupertino,CA,USA,95014,6.93
231,19,27-05-2018 00:00,1 Infinite Loop,Cupertino,CA,USA,95014,2.97
147,19,28-11-2017 00:00,1 Infinite Loop,Cupertino,CA,USA,95014,4.95
57,19,22-04-2017 00:00,1 Infinite Loop,Cupertino,CA,USA,95014,0.99
52,19,11-04-2017 00:00,1 Infinite Loop,Cupertino,CA,USA,95014,11.88
51,19,03-04-2017 00:00,1 Infinite Loop,Cupertino,CA,USA,95014,7.92
42,19,18-03-2017 00:00,1 Infinite Loop,Cupertino,CA,USA,95014,8.91
486,18,05-03-2020 00:00,627 Broadway,New York,NY,USA,10012-2612,8.91
448,18,27-11-2019 00:00,627 Broadway,New York,NY,USA,10012-2612,9.9
372,18,01-06-2019 00:00,627 Broadway,New York,NY,USA,10012-2612,13.86
187,18,18-02-2018 00:00,627 Broadway,New York,NY,USA,10012-2612,6.93
50,18,02-04-2017 00:00,627 Broadway,New York,NY,USA,10012-2612,6.93
9,18,18-01-2017 00:00,627 Broadway,New York,NY,USA,10012-2612,8.91
4,18,06-01-2017 00:00,627 Broadway,New York,NY,USA,10012-2612,7.92
1,18,03-01-2017 00:00,627 Broadway,New York,NY,USA,10012-2612,15.84
558,17,11-09-2020 00:00,1 Microsoft Way,Redmond,WA,USA,98052-8300,10.89
543,17,23-07-2020 00:00,1 Microsoft Way,Redmond,WA,USA,98052-8300,2.97
499,17,03-04-2020 00:00,1 Microsoft Way,Redmond,WA,USA,98052-8300,9.9
436,17,02-10-2019 00:00,1 Microsoft Way,Redmond,WA,USA,98052-8300,5.94
393,17,25-07-2019 00:00,1 Microsoft Way,Redmond,WA,USA,98052-8300,10.89
290,17,18-11-2018 00:00,1 Microsoft Way,Redmond,WA,USA,98052-8300,4.95
288,17,04-11-2018 00:00,1 Microsoft Way,Redmond,WA,USA,98052-8300,10.89
207,17,21-03-2018 00:00,1 Microsoft Way,Redmond,WA,USA,98052-8300,3.96
166,17,21-01-2018 00:00,1 Microsoft Way,Redmond,WA,USA,98052-8300,9.9
129,17,16-10-2017 00:00,1 Microsoft Way,Redmond,WA,USA,98052-8300,10.89
128,17,12-10-2017 00:00,1 Microsoft Way,Redmond,WA,USA,98052-8300,6.93
98,17,23-07-2017 00:00,1 Microsoft Way,Redmond,WA,USA,98052-8300,9.9
591,16,20-11-2020 00:00,1600 Amphitheatre Parkway,Mountain View,CA,USA,94043-1351,6.93
551,16,18-08-2020 00:00,1600 Amphitheatre Parkway,Mountain View,CA,USA,94043-1351,10.89
389,16,18-07-2019 00:00,1600 Amphitheatre Parkway,Mountain View,CA,USA,94043-1351,16.83
289,16,06-11-2018 00:00,1600 Amphitheatre Parkway,Mountain View,CA,USA,94043-1351,6.93
268,16,23-08-2018 00:00,1600 Amphitheatre Parkway,Mountain View,CA,USA,94043-1351,10.89
257,16,01-08-2018 00:00,1600 Amphitheatre Parkway,Mountain View,CA,USA,94043-1351,10.89
75,16,24-05-2017 00:00,1600 Amphitheatre Parkway,Mountain View,CA,USA,94043-1351,3.96
66,16,29-04-2017 00:00,1600 Amphitheatre Parkway,Mountain View,CA,USA,94043-1351,6.93
606,15,18-12-2020 00:00,700 W Pender Street,Vancouver,BC,Canada,V6C 1G8,11.88
575,15,19-10-2020 00:00,700 W Pender Street,Vancouver,BC,Canada,V6C 1G8,3.96
567,15,27-09-2020 00:00,700 W Pender Street,Vancouver,BC,Canada,V6C 1G8,7.92
564,15,20-09-2020 00:00,700 W Pender Street,Vancouver,BC,Canada,V6C 1G8,5.94
483,15,29-02-2020 00:00,700 W Pender Street,Vancouver,BC,Canada,V6C 1G8,4.95
229,15,19-05-2018 00:00,700 W Pender Street,Vancouver,BC,Canada,V6C 1G8,2.97
142,15,10-11-2017 00:00,700 W Pender Street,Vancouver,BC,Canada,V6C 1G8,14.85
110,15,29-08-2017 00:00,700 W Pender Street,Vancouver,BC,Canada,V6C 1G8,5.94
60,15,24-04-2017 00:00,700 W Pender Street,Vancouver,BC,Canada,V6C 1G8,7.92
609,14,20-12-2020 00:00,8210 111 ST NW,Edmonton,AB,Canada,T6G 2C7,2.97
530,14,22-06-2020 00:00,8210 111 ST NW,Edmonton,AB,Canada,T6G 2C7,0.99
469,14,28-01-2020 00:00,8210 111 ST NW,Edmonton,AB,Canada,T6G 2C7,0.99
425,14,13-09-2019 00:00,8210 111 ST NW,Edmonton,AB,Canada,T6G 2C7,0.99
371,14,01-06-2019 00:00,8210 111 ST NW,Edmonton,AB,Canada,T6G 2C7,0.99
370,14,01-06-2019 00:00,8210 111 ST NW,Edmonton,AB,Canada,T6G 2C7,8.91
321,14,23-02-2019 00:00,8210 111 ST NW,Edmonton,AB,Canada,T6G 2C7,0.99
293,14,29-11-2018 00:00,8210 111 ST NW,Edmonton,AB,Canada,T6G 2C7,4.95
233,14,01-06-2018 00:00,8210 111 ST NW,Edmonton,AB,Canada,T6G 2C7,5.94
132,14,22-10-2017 00:00,8210 111 ST NW,Edmonton,AB,Canada,T6G 2C7,1.98
597,13,28-11-2020 00:00,Qe 7 Bloco G,Brasï¿½ï¿,DF,Brazil,71020-677,6.93
532,13,23-06-2020 00:00,Qe 7 Bloco G,Brasï¿½ï¿,DF,Brazil,71020-677,13.86
521,13,27-05-2020 00:00,Qe 7 Bloco G,Brasï¿½ï¿,DF,Brazil,71020-677,3.96
498,13,02-04-2020 00:00,Qe 7 Bloco G,Brasï¿½ï¿,DF,Brazil,71020-677,3.96
456,13,24-12-2019 00:00,Qe 7 Bloco G,Brasï¿½ï¿,DF,Brazil,71020-677,9.9
357,13,08-05-2019 00:00,Qe 7 Bloco G,Brasï¿½ï¿,DF,Brazil,71020-677,2.97
256,13,31-07-2018 00:00,Qe 7 Bloco G,Brasï¿½ï¿,DF,Brazil,71020-677,4.95
198,13,05-03-2018 00:00,Qe 7 Bloco G,Brasï¿½ï¿,DF,Brazil,71020-677,10.89
189,13,21-02-2018 00:00,Qe 7 Bloco G,Brasï¿½ï¿,DF,Brazil,71020-677,3.96
188,13,20-02-2018 00:00,Qe 7 Bloco G,Brasï¿½ï¿,DF,Brazil,71020-677,10.89
130,13,19-10-2017 00:00,Qe 7 Bloco G,Brasï¿½ï¿,DF,Brazil,71020-677,3.96
113,13,01-09-2017 00:00,Qe 7 Bloco G,Brasï¿½ï¿,DF,Brazil,71020-677,9.9
111,13,30-08-2017 00:00,Qe 7 Bloco G,Brasï¿½ï¿,DF,Brazil,71020-677,4.95
80,13,08-06-2017 00:00,Qe 7 Bloco G,Brasï¿½ï¿,DF,Brazil,71020-677,0.99
73,13,18-05-2017 00:00,Qe 7 Bloco G,Brasï¿½ï¿,DF,Brazil,71020-677,14.85
593,12,23-11-2020 00:00,Praï¿½ï¿½ï¿½ï¿½ï¿,Rio de Janeiro,RJ,Brazil,20040-020,10.89
587,12,07-11-2020 00:00,Praï¿½ï¿½ï¿½ï¿½ï¿,Rio de Janeiro,RJ,Brazil,20040-020,1.98
537,12,07-07-2020 00:00,Praï¿½ï¿½ï¿½ï¿½ï¿,Rio de Janeiro,RJ,Brazil,20040-020,7.92
447,12,23-11-2019 00:00,Praï¿½ï¿½ï¿½ï¿½ï¿,Rio de Janeiro,RJ,Brazil,20040-020,10.89
412,12,28-08-2019 00:00,Praï¿½ï¿½ï¿½ï¿½ï¿,Rio de Janeiro,RJ,Brazil,20040-020,7.92
333,12,21-03-2019 00:00,Praï¿½ï¿½ï¿½ï¿½ï¿,Rio de Janeiro,RJ,Brazil,20040-020,5.94
298,12,13-12-2018 00:00,Praï¿½ï¿½ï¿½ï¿½ï¿,Rio de Janeiro,RJ,Brazil,20040-020,8.91
249,12,14-07-2018 00:00,Praï¿½ï¿½ï¿½ï¿½ï¿,Rio de Janeiro,RJ,Brazil,20040-020,1.98
152,12,12-12-2017 00:00,Praï¿½ï¿½ï¿½ï¿½ï¿,Rio de Janeiro,RJ,Brazil,20040-020,5.94
114,12,05-09-2017 00:00,Praï¿½ï¿½ï¿½ï¿½ï¿,Rio de Janeiro,RJ,Brazil,20040-020,16.83
28,12,17-02-2017 00:00,Praï¿½ï¿½ï¿½ï¿½ï¿,Rio de Janeiro,RJ,Brazil,20040-020,2.97
533,11,24-06-2020 00:00,"Av. Paulista, 2022",Sï¿½ï¿½ï¿½,SP,Brazil,01310-200,12.87
501,11,09-04-2020 00:00,"Av. Paulista, 2022",Sï¿½ï¿½ï¿½,SP,Brazil,01310-200,12.87
475,11,06-02-2020 00:00,"Av. Paulista, 2022",Sï¿½ï¿½ï¿½,SP,Brazil,01310-200,7.92
461,11,29-12-2019 00:00,"Av. Paulista, 2022",Sï¿½ï¿½ï¿½,SP,Brazil,01310-200,7.92
439,11,08-10-2019 00:00,"Av. Paulista, 2022",Sï¿½ï¿½ï¿½,SP,Brazil,01310-200,6.93
392,11,24-07-2019 00:00,"Av. Paulista, 2022",Sï¿½ï¿½ï¿½,SP,Brazil,01310-200,7.92
316,11,03-02-2019 00:00,"Av. Paulista, 2022",Sï¿½ï¿½ï¿½,SP,Brazil,01310-200,1.98
206,11,21-03-2018 00:00,"Av. Paulista, 2022",Sï¿½ï¿½ï¿½,SP,Brazil,01310-200,4.95
186,11,10-02-2018 00:00,"Av. Paulista, 2022",Sï¿½ï¿½ï¿½,SP,Brazil,01310-200,2.97
135,11,25-10-2017 00:00,"Av. Paulista, 2022",Sï¿½ï¿½ï¿½,SP,Brazil,01310-200,2.97
534,10,25-06-2020 00:00,Rua Dr. Falcï¿½ï¿½ï¿½ï¿½ï¿,Sï¿½ï¿½ï¿½,SP,Brazil,01007-010,5.94
495,10,01-04-2020 00:00,Rua Dr. Falcï¿½ï¿½ï¿½ï¿½ï¿,Sï¿½ï¿½ï¿½,SP,Brazil,01007-010,0.99
482,10,26-02-2020 00:00,Rua Dr. Falcï¿½ï¿½ï¿½ï¿½ï¿,Sï¿½ï¿½ï¿½,SP,Brazil,01007-010,7.92
406,10,15-08-2019 00:00,Rua Dr. Falcï¿½ï¿½ï¿½ï¿½ï¿,Sï¿½ï¿½ï¿½,SP,Brazil,01007-010,1.98
352,10,23-04-2019 00:00,Rua Dr. Falcï¿½ï¿½ï¿½ï¿½ï¿,Sï¿½ï¿½ï¿½,SP,Brazil,01007-010,0.99
328,10,08-03-2019 00:00,Rua Dr. Falcï¿½ï¿½ï¿½ï¿½ï¿,Sï¿½ï¿½ï¿½,SP,Brazil,01007-010,3.96
315,10,30-01-2019 00:00,Rua Dr. Falcï¿½ï¿½ï¿½ï¿½ï¿,Sï¿½ï¿½ï¿½,SP,Brazil,01007-010,4.95
260,10,04-08-2018 00:00,Rua Dr. Falcï¿½ï¿½ï¿½ï¿½ï¿,Sï¿½ï¿½ï¿½,SP,Brazil,01007-010,7.92
240,10,17-06-2018 00:00,Rua Dr. Falcï¿½ï¿½ï¿½ï¿½ï¿,Sï¿½ï¿½ï¿½,SP,Brazil,01007-010,2.97
156,10,03-01-2018 00:00,Rua Dr. Falcï¿½ï¿½ï¿½ï¿½ï¿,Sï¿½ï¿½ï¿½,SP,Brazil,01007-010,10.89
49,10,30-03-2017 00:00,Rua Dr. Falcï¿½ï¿½ï¿½ï¿½ï¿,Sï¿½ï¿½ï¿½,SP,Brazil,01007-010,4.95
19,10,06-02-2017 00:00,Rua Dr. Falcï¿½ï¿½ï¿½ï¿½ï¿,Sï¿½ï¿½ï¿½,SP,Brazil,01007-010,6.93
470,9,29-01-2020 00:00,Sï¿½ï¿½ï¿½ï¿½ï¿½ï¿½ï,Copenhagen,None,Denmark,1720,1.98
411,9,27-08-2019 00:00,Sï¿½ï¿½ï¿½ï¿½ï¿½ï¿½ï,Copenhagen,None,Denmark,1720,1.98
354,9,02-05-2019 00:00,Sï¿½ï¿½ï¿½ï¿½ï¿½ï¿½ï,Copenhagen,None,Denmark,1720,4.95
329,9,09-03-2019 00:00,Sï¿½ï¿½ï¿½ï¿½ï¿½ï¿½ï,Copenhagen,None,Denmark,1720,0.99
267,9,22-08-2018 00:00,Sï¿½ï¿½ï¿½ï¿½ï¿½ï¿½ï,Copenhagen,None,Denmark,1720,1.98
178,9,02-02-2018 00:00,Sï¿½ï¿½ï¿½ï¿½ï¿½ï¿½ï,Copenhagen,None,Denmark,1720,2.97
122,9,21-09-2017 00:00,Sï¿½ï¿½ï¿½ï¿½ï¿½ï¿½ï,Copenhagen,None,Denmark,1720,4.95
62,9,25-04-2017 00:00,Sï¿½ï¿½ï¿½ï¿½ï¿½ï¿½ï,Copenhagen,None,Denmark,1720,2.97
58,9,23-04-2017 00:00,Sï¿½ï¿½ï¿½ï¿½ï¿½ï¿½ï,Copenhagen,None,Denmark,1720,5.94
21,9,07-02-2017 00:00,Sï¿½ï¿½ï¿½ï¿½ï¿½ï¿½ï,Copenhagen,None,Denmark,1720,8.91
431,8,21-09-2019 00:00,Grï¿½ï¿½ï¿½ï¿½ï¿,Brussels,None,Belgium,1000,9.9
311,8,18-01-2019 00:00,Grï¿½ï¿½ï¿½ï¿½ï¿,Brussels,None,Belgium,1000,5.94
306,8,01-01-2019 00:00,Grï¿½ï¿½ï¿½ï¿½ï¿,Brussels,None,Belgium,1000,10.89
253,8,29-07-2018 00:00,Grï¿½ï¿½ï¿½ï¿½ï¿,Brussels,None,Belgium,1000,11.88
124,8,25-09-2017 00:00,Grï¿½ï¿½ï¿½ï¿½ï¿,Brussels,None,Belgium,1000,5.94
102,8,02-08-2017 00:00,Grï¿½ï¿½ï¿½ï¿½ï¿,Brussels,None,Belgium,1000,9.9
97,8,22-07-2017 00:00,Grï¿½ï¿½ï¿½ï¿½ï¿,Brussels,None,Belgium,1000,5.94
553,7,26-08-2020 00:00,"Rotenturmstraï¿½ï¿½ï¿½ï¿½ï¿½ï¿½ï¿½ï¿½",Vienne,None,Austria,1010,4.95
488,7,13-03-2020 00:00,"Rotenturmstraï¿½ï¿½ï¿½ï¿½ï¿½ï¿½ï¿½ï¿½",Vienne,None,Austria,1010,13.86
472,7,31-01-2020 00:00,"Rotenturmstraï¿½ï¿½ï¿½ï¿½ï¿½ï¿½ï¿½ï¿½",Vienne,None,Austria,1010,2.97
462,7,29-12-2019 00:00,"Rotenturmstraï¿½ï¿½ï¿½ï¿½ï¿½ï¿½ï¿½ï¿½",Vienne,None,Austria,1010,8.91
410,7,27-08-2019 00:00,"Rotenturmstraï¿½ï¿½ï¿½ï¿½ï¿½ï¿½ï¿½ï¿½",Vienne,None,Austria,1010,3.96
337,7,03-04-2019 00:00,"Rotenturmstraï¿½ï¿½ï¿½ï¿½ï¿½ï¿½ï¿½ï¿½",Vienne,None,Austria,1010,9.9
251,7,20-07-2018 00:00,"Rotenturmstraï¿½ï¿½ï¿½ï¿½ï¿½ï¿½ï¿½ï¿½",Vienne,None,Austria,1010,6.93
225,7,08-05-2018 00:00,"Rotenturmstraï¿½ï¿½ï¿½ï¿½ï¿½ï¿½ï¿½ï¿½",Vienne,None,Austria,1010,5.94
123,7,23-09-2017 00:00,"Rotenturmstraï¿½ï¿½ï¿½ï¿½ï¿½ï¿½ï¿½ï¿½",Vienne,None,Austria,1010,11.88
579,6,23-10-2020 00:00,Rilskï¿½ï¿½ï¿½,Prague,None,Czech Republic,14300,10.89
504,6,12-04-2020 00:00,Rilskï¿½ï¿½ï¿½,Prague,None,Czech Republic,14300,10.89
476,6,11-02-2020 00:00,Rilskï¿½ï¿½ï¿½,Prague,None,Czech Republic,14300,10.89
405,6,14-08-2019 00:00,Rilskï¿½ï¿½ï¿½,Prague,None,Czech Republic,14300,7.92
387,6,15-07-2019 00:00,Rilskï¿½ï¿½ï¿½,Prague,None,Czech Republic,14300,5.94
336,6,31-03-2019 00:00,Rilskï¿½ï¿½ï¿½,Prague,None,Czech Republic,14300,15.84
280,6,02-10-2018 00:00,Rilskï¿½ï¿½ï¿½,Prague,None,Czech Republic,14300,10.89
275,6,06-09-2018 00:00,Rilskï¿½ï¿½ï¿½,Prague,None,Czech Republic,14300,7.92
243,6,23-06-2018 00:00,Rilskï¿½ï¿½ï¿½,Prague,None,Czech Republic,14300,10.89
163,6,16-01-2018 00:00,Rilskï¿½ï¿½ï¿½,Prague,None,Czech Republic,14300,8.91
116,6,08-09-2017 00:00,Rilskï¿½ï¿½ï¿½,Prague,None,Czech Republic,14300,10.89
112,6,31-08-2017 00:00,Rilskï¿½ï¿½ï¿½,Prague,None,Czech Republic,14300,16.83
588,5,12-11-2020 00:00,Klanova 9/506,Prague,None,Czech Republic,14700,0.99
582,5,30-10-2020 00:00,Klanova 9/506,Prague,None,Czech Republic,14700,17.82
563,5,19-09-2020 00:00,Klanova 9/506,Prague,None,Czech Republic,14700,1.98
560,5,11-09-2020 00:00,Klanova 9/506,Prague,None,Czech Republic,14700,8.91
526,5,08-06-2020 00:00,Klanova 9/506,Prague,None,Czech Republic,14700,19.8
520,5,26-05-2020 00:00,Klanova 9/506,Prague,None,Czech Republic,14700,9.9
477,5,15-02-2020 00:00,Klanova 9/506,Prague,None,Czech Republic,14700,6.93
467,5,20-01-2020 00:00,Klanova 9/506,Prague,None,Czech Republic,14700,9.9
429,5,17-09-2019 00:00,Klanova 9/506,Prague,None,Czech Republic,14700,10.89
416,5,31-08-2019 00:00,Klanova 9/506,Prague,None,Czech Republic,14700,0.99
388,5,16-07-2019 00:00,Klanova 9/506,Prague,None,Czech Republic,14700,9.9
376,5,06-06-2019 00:00,Klanova 9/506,Prague,None,Czech Republic,14700,3.96
361,5,18-05-2019 00:00,Klanova 9/506,Prague,None,Czech Republic,14700,1.98
341,5,09-04-2019 00:00,Klanova 9/506,Prague,None,Czech Republic,14700,11.88
235,5,06-06-2018 00:00,Klanova 9/506,Prague,None,Czech Republic,14700,6.93
173,5,31-01-2018 00:00,Klanova 9/506,Prague,None,Czech Republic,14700,10.89
119,5,12-09-2017 00:00,Klanova 9/506,Prague,None,Czech Republic,14700,1.98
78,5,29-05-2017 00:00,Klanova 9/506,Prague,None,Czech Republic,14700,8.91
474,4,04-02-2020 00:00,Ullevï¿½ï¿½ï¿½ï¿½,Oslo,None,Norway,171,6.93
292,4,21-11-2018 00:00,Ullevï¿½ï¿½ï¿½ï¿½,Oslo,None,Norway,171,9.9
272,4,30-08-2018 00:00,Ullevï¿½ï¿½ï¿½ï¿½,Oslo,None,Norway,171,8.91
208,4,22-03-2018 00:00,Ullevï¿½ï¿½ï¿½ï¿½,Oslo,None,Norway,171,5.94
205,4,20-03-2018 00:00,Ullevï¿½ï¿½ï¿½ï¿½,Oslo,None,Norway,171,9.9
104,4,06-08-2017 00:00,Ullevï¿½ï¿½ï¿½ï¿½,Oslo,None,Norway,171,1.98
81,4,12-06-2017 00:00,Ullevï¿½ï¿½ï¿½ï¿½,Oslo,None,Norway,171,5.94
46,4,24-03-2017 00:00,Ullevï¿½ï¿½ï¿½ï¿½,Oslo,None,Norway,171,10.89
24,4,10-02-2017 00:00,Ullevï¿½ï¿½ï¿½ï¿½,Oslo,None,Norway,171,11.88
517,3,16-05-2020 00:00,1498 rue Bï¿½ï¿½ï¿,Montrï¿½ï,QC,Canada,H2G 1A7,8.91
419,3,02-09-2019 00:00,1498 rue Bï¿½ï¿½ï¿,Montrï¿½ï,QC,Canada,H2G 1A7,9.9
344,3,15-04-2019 00:00,1498 rue Bï¿½ï¿½ï¿,Montrï¿½ï,QC,Canada,H2G 1A7,16.83
342,3,13-04-2019 00:00,1498 rue Bï¿½ï¿½ï¿,Montrï¿½ï,QC,Canada,H2G 1A7,2.97
262,3,09-08-2018 00:00,1498 rue Bï¿½ï¿½ï¿,Montrï¿½ï,QC,Canada,H2G 1A7,7.92
248,3,13-07-2018 00:00,1498 rue Bï¿½ï¿½ï¿,Montrï¿½ï,QC,Canada,H2G 1A7,6.93
125,3,29-09-2017 00:00,1498 rue Bï¿½ï¿½ï¿,Montrï¿½ï,QC,Canada,H2G 1A7,9.9
71,3,17-05-2017 00:00,1498 rue Bï¿½ï¿½ï¿,Montrï¿½ï,QC,Canada,H2G 1A7,16.83
31,3,21-02-2017 00:00,1498 rue Bï¿½ï¿½ï¿,Montrï¿½ï,QC,Canada,H2G 1A7,19.8
592,2,21-11-2020 00:00,Theodor-Heuss-Straï¿½ï¿½,Stuttgart,None,Germany,70174,7.92
557,2,08-09-2020 00:00,Theodor-Heuss-Straï¿½ï¿½,Stuttgart,None,Germany,70174,9.9
549,2,10-08-2020 00:00,Theodor-Heuss-Straï¿½ï¿½,Stuttgart,None,Germany,70174,10.89
507,2,20-04-2020 00:00,Theodor-Heuss-Straï¿½ï¿½,Stuttgart,None,Germany,70174,0.99
343,2,13-04-2019 00:00,Theodor-Heuss-Straï¿½ï¿½,Stuttgart,None,Germany,70174,5.94
222,2,29-04-2018 00:00,Theodor-Heuss-Straï¿½ï¿½,Stuttgart,None,Germany,70174,1.98
210,2,25-03-2018 00:00,Theodor-Heuss-Straï¿½ï¿½,Stuttgart,None,Germany,70174,10.89
162,2,15-01-2018 00:00,Theodor-Heuss-Straï¿½ï¿½,Stuttgart,None,Germany,70174,8.91
134,2,23-10-2017 00:00,Theodor-Heuss-Straï¿½ï¿½,Stuttgart,None,Germany,70174,7.92
131,2,21-10-2017 00:00,Theodor-Heuss-Straï¿½ï¿½,Stuttgart,None,Germany,70174,2.97
69,2,09-05-2017 00:00,Theodor-Heuss-Straï¿½ï¿½,Stuttgart,None,Germany,70174,13.86
544,1,24-07-2020 00:00,"Av. Brigadeiro Faria Lima, 2170",Sï¿½ï¿½ï¿½ï¿½ï¿½ï¿½ï¿,SP,Brazil,12227-000,8.91
536,1,06-07-2020 00:00,"Av. Brigadeiro Faria Lima, 2170",Sï¿½ï¿½ï¿½ï¿½ï¿½ï¿½ï¿,SP,Brazil,12227-000,5.94
464,1,31-12-2019 00:00,"Av. Brigadeiro Faria Lima, 2170",Sï¿½ï¿½ï¿½ï¿½ï¿½ï¿½ï¿,SP,Brazil,12227-000,3.96
442,1,05-11-2019 00:00,"Av. Brigadeiro Faria Lima, 2170",Sï¿½ï¿½ï¿½ï¿½ï¿½ï¿½ï¿,SP,Brazil,12227-000,3.96
296,1,10-12-2018 00:00,"Av. Brigadeiro Faria Lima, 2170",Sï¿½ï¿½ï¿½ï¿½ï¿½ï¿½ï¿,SP,Brazil,12227-000,12.87
270,1,27-08-2018 00:00,"Av. Brigadeiro Faria Lima, 2170",Sï¿½ï¿½ï¿½ï¿½ï¿½ï¿½ï¿,SP,Brazil,12227-000,10.89
223,1,04-05-2018 00:00,"Av. Brigadeiro Faria Lima, 2170",Sï¿½ï¿½ï¿½ï¿½ï¿½ï¿½ï¿,SP,Brazil,12227-000,17.82
184,1,09-02-2018 00:00,"Av. Brigadeiro Faria Lima, 2170",Sï¿½ï¿½ï¿½ï¿½ï¿½ï¿½ï¿,SP,Brazil,12227-000,0.99
182,1,07-02-2018 00:00,"Av. Brigadeiro Faria Lima, 2170",Sï¿½ï¿½ï¿½ï¿½ï¿½ï¿½ï¿,SP,Brazil,12227-000,5.94
153,1,14-12-2017 00:00,"Av. Brigadeiro Faria Lima, 2170",Sï¿½ï¿½ï¿½ï¿½ï¿½ï¿½ï¿,SP,Brazil,12227-000,13.86
149,1,30-11-2017 00:00,"Av. Brigadeiro Faria Lima, 2170",Sï¿½ï¿½ï¿½ï¿½ï¿½ï¿½ï¿,SP,Brazil,12227-000,8.91
77,1,28-05-2017 00:00,"Av. Brigadeiro Faria Lima, 2170",Sï¿½ï¿½ï¿½ï¿½ï¿½ï¿½ï¿,SP,Brazil,12227-000,5.94
16,1,26-01-2017 00:00,"Av. Brigadeiro Faria Lima, 2170",Sï¿½ï¿½ï¿½ï¿½ï¿½ï¿½ï¿,SP,Brazil,12227-000,8.91
